,MAE,RMSE,R2
Linear Regression,2941.8275781006455,3664.479012029039,0.7567203949441528
Ridge,2941.808833762328,3664.4347804790887,0.7567262678494282
Lasso,2941.6178106881034,3664.1938293606468,0.7567582592228366
Decision Tree,3171.4869466666664,3979.963772508053,0.7130280408397446
K-Neighbors,3028.1003386666675,3793.3623014099494,0.7393066982914003
SVR,5716.0358169194415,7448.534227586337,-0.005131446110192339
Random Forest,2294.5577782666664,2878.043206508724,0.8499362331570697
Gradient Boosting,2079.77862583798,2595.7648725869017,0.8779291617615855
AdaBoost,2501.526870742701,3151.4006642664235,0.8200762603272524
